City_ID,City,Country,Lat,Lng,Max Temp,Humidity,Cloudiness,Wind Speed,Current Description
0,Hobyo,SO,5.3505,48.5268,79.02,70,8,10.94,clear sky
1,Naze,JP,28.3667,129.4833,70.72,75,100,13.67,overcast clouds
2,Ushuaia,AR,-54.8,-68.3,37.06,81,90,23.02,heavy snow
3,Ducheng,CN,23.2373,111.5317,67.89,96,31,2.37,scattered clouds
4,Cape Town,ZA,-33.9258,18.4232,67.12,62,0,12.66,clear sky
5,Rikitea,PF,-23.1203,-134.9692,73.54,61,50,5.17,scattered clouds
6,Orocue,CO,4.7912,-71.3354,84.04,63,99,5.84,overcast clouds
7,Hamilton,US,39.1834,-84.5333,51.94,52,90,1.01,overcast clouds
8,Busselton,AU,-33.65,115.3333,57.04,61,70,10.85,broken clouds
9,Chokurdakh,RU,70.6333,147.9167,-14.53,100,85,6.02,overcast clouds
10,Hermanus,ZA,-34.4187,19.2345,66.9,75,100,19.73,overcast clouds
11,Hilo,US,19.7297,-155.09,82.13,74,40,10.36,scattered clouds
12,Carnarvon,AU,-24.8667,113.6333,69.87,83,90,12.66,light rain
13,Punta Arenas,CL,-53.15,-70.9167,46.51,46,40,34.52,scattered clouds
14,Buala,SB,-8.145,159.5921,84.02,66,55,3.85,broken clouds
15,Bar Harbor,US,44.3876,-68.2039,40.01,59,1,3.0,clear sky
16,Fukue,JP,32.6881,128.8419,66.2,60,100,10.0,overcast clouds
17,Nikolskoye,RU,59.7035,30.7861,37.29,85,29,9.46,scattered clouds
18,Bucerias,MX,20.75,-105.3333,83.98,73,0,4.72,clear sky
19,Yellowknife,CA,62.456,-114.3525,0.41,88,20,11.5,few clouds
20,Bredasdorp,ZA,-34.5322,20.0403,61.29,78,100,17.0,overcast clouds
21,Westport,US,41.1415,-73.3579,44.91,54,1,4.0,clear sky
22,Lebu,CL,-37.6167,-73.65,56.26,83,8,16.8,clear sky
23,Yatou,CN,37.15,122.3833,53.1,81,100,5.19,moderate rain
24,Castro,BR,-24.7911,-50.0119,61.84,84,33,7.16,scattered clouds
25,Vila Franca Do Campo,PT,37.7167,-25.4333,67.19,73,94,18.32,overcast clouds
26,Bambous Virieux,MU,-20.3428,57.7575,76.21,73,40,8.05,scattered clouds
27,Airai,TL,-8.9266,125.4092,63.75,84,40,1.43,scattered clouds
28,Kahului,US,20.8947,-156.47,87.82,66,20,14.97,few clouds
29,Sovetskiy,RU,61.3614,63.5842,25.39,97,100,6.78,light snow
30,Ponta Do Sol,PT,32.6667,-17.1,65.71,72,100,4.61,overcast clouds
31,Antalaha,MG,-14.9003,50.2788,70.93,91,25,4.25,scattered clouds
32,Port Lincoln,AU,-34.7333,135.8667,57.38,65,11,13.69,few clouds
33,Butaritari,KI,3.0707,172.7902,81.63,68,100,13.94,overcast clouds
34,Khatanga,RU,71.9667,102.5,-21.23,100,100,4.21,overcast clouds
35,Hobart,AU,-42.8794,147.3294,58.12,77,20,5.75,few clouds
36,Saint-Joseph,RE,-21.3667,55.6167,73.76,73,6,2.46,clear sky
37,Krasnoselkup,RU,65.7,82.4667,-2.29,90,100,20.96,overcast clouds
38,Varniai,LT,55.7406,22.3644,40.69,96,100,1.63,light rain
39,Yumen,CN,40.2833,97.2,16.77,58,0,7.87,clear sky
40,Buncrana,IE,55.1333,-7.45,45.97,66,45,16.37,scattered clouds
41,Hay River,CA,60.8156,-115.7999,-0.42,71,20,9.22,few clouds
42,Vaini,TO,-21.2,-175.2,84.36,84,20,4.61,few clouds
43,Mount Isa,AU,-20.7333,139.5,85.77,51,11,6.91,few clouds
44,Avarua,CK,-21.2078,-159.775,80.65,69,40,16.11,scattered clouds
45,Vila,PT,42.0304,-8.1588,49.33,83,97,3.22,overcast clouds
46,Bluff,NZ,-46.6,168.3333,55.53,82,100,5.12,light rain
47,Harper,LR,4.375,-7.7169,79.52,87,6,7.81,light rain
48,Sibolga,ID,1.7427,98.7792,77.05,88,98,1.57,overcast clouds
49,Zlotoryja,PL,51.1264,15.9198,47.68,83,51,8.5,broken clouds
50,Cooma,AU,-36.2333,149.1333,49.77,100,90,6.91,overcast clouds
51,Padang,ID,-0.9492,100.3543,75.25,83,99,2.48,light rain
52,Port Elizabeth,ZA,-33.918,25.5701,64.69,72,75,13.8,broken clouds
53,Albany,US,42.6001,-73.9662,41.58,57,100,1.01,overcast clouds
54,Qaqortoq,GL,60.7167,-46.0333,34.27,100,100,3.69,moderate rain
55,Uray,RU,60.1247,64.7758,23.77,92,100,10.92,overcast clouds
56,Maple Creek,CA,49.9168,-109.4848,43.29,45,48,16.11,scattered clouds
57,Akyab,MM,20.15,92.9,74.61,75,33,7.76,scattered clouds
58,Geraldton,AU,-28.7667,114.6,61.12,82,75,3.44,broken clouds
59,Aasiaat,GL,68.7098,-52.8699,24.93,84,100,9.06,light snow
60,Halifax,CA,44.6453,-63.5724,37.4,72,10,1.99,clear sky
61,Dikson,RU,73.5069,80.5464,-8.91,84,78,14.92,broken clouds
62,Severo-Kurilsk,RU,50.6789,156.125,36.1,97,100,11.27,light rain
63,Sakakah,SA,29.9697,40.2064,60.37,36,87,7.81,overcast clouds
64,Mataura,NZ,-46.1927,168.8643,60.89,61,100,4.27,light rain
65,Hauterive,FR,46.0901,3.4459,39.02,87,22,2.57,few clouds
66,Santa Maria,BR,-29.6842,-53.8069,81.7,26,0,6.91,clear sky
67,Tiksi,RU,71.6872,128.8694,-10.28,95,99,6.51,overcast clouds
68,Kopavogur,IS,64.1123,-21.913,32.22,74,0,5.75,snow
69,Vlore,AL,40.4667,19.4897,57.38,62,0,3.65,clear sky
70,Tiznit,MA,29.5833,-9.5,60.22,69,13,1.25,few clouds
71,Kapaa,US,22.0752,-159.319,82.18,72,20,1.01,few clouds
72,Omboue,GA,-1.5746,9.2618,76.24,93,100,5.68,moderate rain
73,Narsaq,GL,60.9167,-46.05,34.25,100,100,1.88,moderate rain
74,Kodarma,IN,24.4667,85.6,66.38,55,93,3.47,overcast clouds
75,Kaitangata,NZ,-46.2817,169.8464,60.31,66,100,3.8,moderate rain
76,Longyearbyen,SJ,78.2186,15.6401,4.84,85,40,10.36,scattered clouds
77,Rocha,UY,-34.4833,-54.3333,63.14,69,0,4.81,clear sky
78,Saint-Philippe,RE,-21.3585,55.7679,74.75,72,4,5.68,clear sky
79,Cabo San Lucas,MX,22.8909,-109.9124,84.61,58,20,8.99,few clouds
80,Jaque,PA,7.5175,-78.1703,79.52,85,64,6.33,light rain
81,Srednekolymsk,RU,67.45,153.6833,-21.12,100,75,4.45,broken clouds
82,Cherskiy,RU,68.75,161.3,-18.78,95,94,0.81,overcast clouds
83,Kununurra,AU,-15.7667,128.7333,82.38,83,74,8.05,broken clouds
84,Cabedelo,BR,-6.9811,-34.8339,81.27,74,100,11.65,overcast clouds
85,Lavrentiya,RU,65.5833,-171.0,0.03,84,1,6.17,clear sky
86,Englewood,US,39.6478,-104.9878,55.11,36,90,3.0,overcast clouds
87,Jamestown,US,42.097,-79.2353,44.19,51,1,4.0,clear sky
88,New Norfolk,AU,-42.7826,147.0587,61.66,72,25,1.99,scattered clouds
89,Aquiraz,BR,-3.9014,-38.3911,85.21,64,99,13.0,overcast clouds
90,Atuona,PF,-9.8,-139.0333,78.89,71,3,12.93,clear sky
91,Bathsheba,BB,13.2167,-59.5167,83.01,65,40,13.8,scattered clouds
92,Angoram,PG,-4.0625,144.0661,78.17,90,64,1.57,broken clouds
93,Rodrigues Alves,BR,-7.738,-72.6509,79.0,86,61,3.58,broken clouds
94,Yulara,AU,-25.2406,130.9889,66.04,72,90,16.11,overcast clouds
95,Dunedin,NZ,-45.8742,170.5036,60.4,63,97,2.39,overcast clouds
96,Bolobo,CD,-2.1667,16.2333,70.97,95,100,2.91,light rain
97,Marzuq,YE,14.4,46.4667,67.14,44,17,5.17,few clouds
98,Howard Springs,AU,-12.497,131.047,82.31,95,25,3.8,scattered clouds
99,Harrisonville,US,38.6533,-94.3488,58.21,47,1,3.44,clear sky
100,Homer,US,59.6425,-151.5483,19.27,79,1,3.44,clear sky
101,San Matias,BO,-16.3667,-58.4,77.16,80,41,3.91,scattered clouds
102,Grindavik,IS,63.8424,-22.4338,32.47,74,90,8.05,snow
103,Hithadhoo,MV,-0.6,73.0833,79.97,83,100,16.04,moderate rain
104,Lasa,IT,46.6166,10.7002,43.68,52,19,1.48,few clouds
105,Morondava,MG,-20.2833,44.2833,78.49,72,56,9.62,broken clouds
106,Pisco,PE,-13.7,-76.2167,69.85,73,0,17.27,clear sky
107,Maldonado,UY,-34.6667,-54.9167,70.99,63,0,2.86,clear sky
108,Union,US,40.6334,-74.2663,46.31,61,1,5.75,clear sky
109,Saint George,US,37.1041,-113.5841,72.07,24,1,1.01,clear sky
110,Clyde River,CA,70.4692,-68.5914,3.43,85,20,13.8,few clouds
111,Talnakh,RU,69.4865,88.3972,-19.12,93,30,9.35,scattered clouds
112,Zuya,UA,45.0531,34.3154,46.89,81,98,10.0,overcast clouds
113,Udimskiy,RU,61.1417,45.9144,24.26,97,100,0.58,overcast clouds
114,Storslett,NO,69.7678,21.0247,29.16,93,100,15.77,light snow
115,Galveston,US,29.3669,-94.9669,77.14,79,1,3.0,clear sky
116,Panguna,PG,-6.3164,155.4848,72.68,81,99,2.08,overcast clouds
117,Krizevci,HR,46.0219,16.5425,41.81,91,10,1.95,clear sky
118,Asosa,ET,10.0667,34.5333,63.91,44,24,5.08,few clouds
119,Candido Mendes,BR,-1.4467,-45.7167,78.93,82,13,5.7,few clouds
120,Cayenne,GF,4.9333,-52.3333,81.09,83,0,2.3,clear sky
121,Kawalu,ID,-7.3817,108.2082,72.57,96,95,1.41,overcast clouds
122,Chicama,PE,-7.8447,-79.1469,64.94,68,99,9.64,overcast clouds
123,Constitucion,CL,-35.3333,-72.4167,62.44,72,25,11.81,scattered clouds
124,Luanda,AO,-8.8368,13.2343,78.8,83,75,9.22,broken clouds
125,Georgetown,MY,5.4112,100.3354,78.75,89,20,1.99,few clouds
126,Kruisfontein,ZA,-34.0033,24.7314,60.89,80,98,12.3,overcast clouds
127,New Glasgow,CA,45.5834,-62.6486,38.98,73,61,7.67,broken clouds
128,Qaanaaq,GL,77.484,-69.3632,-7.64,71,0,6.93,clear sky
129,Visby,SE,57.6409,18.296,45.86,93,90,9.22,overcast clouds
130,Isangel,VU,-19.55,169.2667,80.71,78,75,0.0,broken clouds
131,Lucapa,AO,-8.4192,20.7447,65.12,96,79,2.39,light rain
132,San Francisco,US,37.7749,-122.4194,70.3,52,20,3.0,few clouds
133,Provideniya,RU,64.3833,-173.3,6.48,72,6,7.4,clear sky
134,Berlevag,NO,70.8578,29.0864,30.33,65,100,27.13,light snow
135,Datong,CN,40.0936,113.2914,26.04,44,42,13.53,scattered clouds
136,Mill Valley,US,37.906,-122.545,71.04,57,0,1.01,clear sky
137,Pauini,BR,-7.7136,-66.9764,75.99,95,45,3.51,scattered clouds
138,Santa Lucia,ES,27.9117,-15.5407,56.77,74,20,5.75,few clouds
139,Tabou,CI,4.423,-7.3528,80.02,87,8,6.33,light rain
140,Woodland,US,38.6785,-121.7733,71.28,47,1,5.99,clear sky
141,Poum,NC,-20.2333,164.0167,76.53,72,1,13.27,clear sky
142,Alice,US,27.7523,-98.0697,80.33,57,75,10.36,broken clouds
143,Neiafu,TO,-18.65,-173.9833,83.08,78,20,9.22,few clouds
144,Katsuura,JP,35.1333,140.3,55.51,72,20,7.67,few clouds
145,Mahebourg,MU,-20.4081,57.7,76.24,73,40,8.05,scattered clouds
146,Bantry,IE,51.6833,-9.45,47.68,81,97,9.33,overcast clouds
147,Vorukh,TJ,39.8494,70.5838,37.65,31,0,9.26,clear sky
148,Bethel,US,41.3712,-73.414,43.16,48,100,1.01,overcast clouds
149,Chuy,UY,-33.6971,-53.4616,65.68,71,0,7.87,clear sky
150,Gopalpur,IN,19.2667,84.9167,76.84,90,65,4.74,broken clouds
151,Namibe,AO,-15.1961,12.1522,67.06,81,43,4.61,scattered clouds
152,Oksfjord,NO,70.2396,22.3479,29.32,91,95,15.84,light snow
153,Nanortalik,GL,60.1432,-45.2371,36.7,98,100,8.99,moderate rain
154,Saskylakh,RU,71.9167,114.0833,-26.07,99,77,5.79,broken clouds
155,Riyadh,SA,24.6877,46.7219,75.34,35,0,7.63,clear sky
156,Touros,BR,-5.1989,-35.4608,81.5,74,97,12.5,overcast clouds
157,Carman,CA,49.4992,-98.0016,35.94,64,41,9.22,scattered clouds
158,Coihaique,CL,-45.5752,-72.0662,58.95,77,90,8.05,light intensity shower rain
159,Faanui,PF,-16.4833,-151.75,80.65,74,25,18.03,scattered clouds
160,Ozernovskiy,RU,51.5,156.5167,36.19,96,100,9.37,light rain
161,Nantucket,US,41.2835,-70.0995,43.0,67,1,4.61,clear sky
162,Rawson,AR,-43.3002,-65.1023,76.75,32,59,27.31,broken clouds
163,Altamont,US,42.2068,-121.7372,50.77,53,1,1.01,clear sky
164,Aksu,CN,41.1231,80.2644,28.04,49,0,3.06,clear sky
165,Anchorage,US,61.2181,-149.9003,12.67,75,1,5.01,clear sky
166,Green Valley,US,31.8543,-110.9937,82.36,17,94,10.58,overcast clouds
167,Progress,US,40.2851,-76.8314,44.02,55,90,1.01,overcast clouds
168,Mar Del Plata,AR,-38.0023,-57.5575,86.02,25,0,17.27,clear sky
169,Dahra,DZ,36.2546,0.8519,54.79,70,96,4.16,overcast clouds
170,Te Anau,NZ,-45.4167,167.7167,51.94,93,100,2.04,heavy intensity rain
171,Meulaboh,ID,4.1363,96.1285,75.61,93,100,2.73,moderate rain
172,Tuktoyaktuk,CA,69.4541,-133.0374,-9.4,77,75,6.91,broken clouds
173,Chanika,TZ,-5.4167,38.0167,66.79,96,69,4.65,broken clouds
174,Valladolid,ES,41.5833,-4.6667,53.89,65,100,2.26,overcast clouds
175,Aksha,RU,50.2814,113.2867,14.88,87,100,4.7,light snow
176,Norman Wells,CA,65.282,-126.8329,-3.96,77,40,2.3,scattered clouds
177,Kano,NG,12.0001,8.5167,73.29,35,0,0.0,clear sky
178,Egvekinot,RU,66.3167,-179.1667,-0.83,65,0,8.75,clear sky
179,Nuuk,GL,64.1835,-51.7216,31.87,86,98,28.99,overcast clouds
180,Chenzhou,CN,25.8,113.0333,60.98,98,100,3.65,overcast clouds
181,Arraial Do Cabo,BR,-22.9661,-42.0278,71.56,78,75,9.22,broken clouds
182,College,US,64.8569,-147.8028,-0.74,75,1,0.0,clear sky
183,Mombasa,KE,-4.0547,39.6636,81.01,78,40,3.44,scattered clouds
184,Nishihara,JP,26.1842,127.7558,73.45,80,40,11.5,scattered clouds
185,Harboore,DK,56.6175,8.1807,49.14,85,81,22.62,broken clouds
186,Alofi,NU,-19.0595,-169.9187,84.09,70,36,11.5,scattered clouds
187,Ustye,RU,59.6304,39.736,27.37,96,79,6.33,broken clouds
188,Kieta,PG,-6.2167,155.6333,80.46,77,99,2.1,overcast clouds
189,Saint-Prosper,CA,46.2117,-70.4811,29.71,70,98,3.76,overcast clouds
190,Vangaindrano,MG,-23.35,47.6,74.32,87,60,6.35,broken clouds
191,Saint-Pierre,RE,-21.3393,55.4781,74.84,64,0,5.75,clear sky
192,Kamenka,RU,51.3223,42.7678,36.75,96,100,20.94,overcast clouds
193,Salalah,OM,17.0151,54.0924,74.57,73,41,1.68,scattered clouds
194,Yilan,TW,24.757,121.753,73.02,99,23,3.69,few clouds
195,Kemijarvi,FI,66.7131,27.4306,27.97,83,87,9.66,snow
196,Aleksandrov Gay,RU,50.147,48.5704,42.55,92,100,20.33,overcast clouds
197,Acapulco,MX,16.8634,-99.8901,84.16,66,0,7.52,clear sky
198,Fortuna,US,40.5982,-124.1573,62.42,67,1,1.99,clear sky
199,Dubbo,AU,-32.25,148.6167,62.73,94,100,6.91,moderate rain
200,Klaksvik,FO,62.2266,-6.589,40.12,74,100,30.8,overcast clouds
201,Praia,CV,14.9215,-23.5087,77.54,78,75,11.5,broken clouds
202,Mojo,ET,8.6,39.1167,58.96,35,13,4.56,few clouds
203,Killam,CA,52.7834,-111.8518,18.99,73,98,23.02,overcast clouds
204,Port Hardy,CA,50.6996,-127.4199,44.78,93,90,4.61,light rain
205,Iqaluit,CA,63.7506,-68.5145,10.13,78,75,18.99,light snow
206,Magadan,RU,59.5667,150.8,20.61,71,100,14.03,overcast clouds
207,Sobolevo,RU,54.4299,31.8996,37.26,79,100,15.59,overcast clouds
208,Hofn,IS,64.2539,-15.2082,32.25,55,49,14.23,scattered clouds
209,Sola,VU,-13.8833,167.55,81.27,83,90,0.0,light rain
210,Ribeira Grande,PT,38.5167,-28.7,66.6,72,75,26.46,broken clouds
211,Kodiak,US,57.79,-152.4072,36.91,65,90,29.93,moderate rain
212,Panalingaan,PH,8.7842,117.4231,78.73,84,23,1.68,few clouds
213,Sur,OM,22.5667,59.5289,73.56,58,0,7.47,clear sky
214,Palmas,BR,-10.2128,-48.3603,75.07,94,40,3.44,scattered clouds
215,Haines Junction,CA,60.7522,-137.5108,-27.45,75,100,0.0,overcast clouds
216,Warangal,IN,18.0,79.5833,71.98,97,30,5.5,scattered clouds
217,Barrow,US,71.2906,-156.7887,1.42,71,40,3.44,haze
218,Kumluca,TR,36.3703,30.2869,61.68,50,0,7.49,clear sky
219,Dong Hoi,VN,17.4833,106.6,74.12,94,56,3.36,broken clouds
220,Huoqiu,CN,32.3394,116.2694,54.61,84,100,12.66,moderate rain
221,Coquimbo,CL,-29.9533,-71.3436,60.53,77,40,12.66,scattered clouds
222,Vao,NC,-22.6667,167.4833,73.33,77,41,16.98,scattered clouds
223,Green River,US,41.5286,-109.4662,42.19,57,42,18.23,scattered clouds
224,Kavieng,PG,-2.5744,150.7967,81.99,77,90,5.64,moderate rain
225,Iranshahr,IR,27.2025,60.6848,57.54,17,0,6.91,clear sky
226,Anse-Bertrand,GP,16.4721,-61.5078,76.95,100,51,11.95,broken clouds
227,Dhidhdhoo,MV,6.8833,73.1,81.1,69,31,14.92,scattered clouds
228,Prachuap Khiri Khan,TH,12.2167,99.75,78.69,93,73,2.04,broken clouds
229,Dumas,US,35.8656,-101.9732,72.75,15,1,3.44,clear sky
230,Luderitz,NA,-26.6481,15.1594,59.13,91,1,15.86,clear sky
231,Mao,ES,39.8885,4.2658,61.36,88,75,5.75,broken clouds
232,Rehoboth,NA,-23.3167,17.0833,67.01,22,9,8.66,clear sky
233,Port Moresby,PG,-9.4431,147.1797,76.42,100,75,3.44,haze
234,Houma,US,29.5958,-90.7195,75.99,70,0,4.0,clear sky
235,Pevek,RU,69.7008,170.3133,-11.63,99,81,3.87,broken clouds
236,Mattru,SL,7.6244,-11.8332,77.23,90,61,2.89,light rain
237,Guspini,IT,39.5406,8.6294,51.73,87,8,0.54,clear sky
238,Eyl,SO,7.9803,49.8164,75.61,74,7,9.98,clear sky
239,Hasaki,JP,35.7333,140.8333,46.8,59,93,8.01,overcast clouds
240,Kristiinankaupunki,FI,62.2743,21.376,36.0,80,9,8.86,clear sky
241,Torbay,CA,47.6666,-52.7314,38.75,87,20,8.05,few clouds
242,Cerrito,CO,6.8432,-72.694,58.39,80,69,1.5,broken clouds
243,Pundaguitan,PH,6.3711,126.1689,81.99,75,75,1.54,broken clouds
244,Upernavik,GL,72.7868,-56.1549,5.85,79,96,8.59,overcast clouds
245,Lagoa,PT,39.05,-27.9833,64.67,75,98,23.87,overcast clouds
246,Lieksa,FI,63.3167,30.0167,31.33,79,98,12.15,overcast clouds
247,Ilulissat,GL,69.2167,-51.1,20.19,94,100,13.67,light snow
248,Port Blair,IN,11.6667,92.75,81.46,84,92,10.8,overcast clouds
249,Kudahuvadhoo,MV,2.6708,72.8944,81.09,77,95,17.43,overcast clouds
250,Gravdal,NO,68.1214,13.5031,34.79,64,96,28.99,light snow
251,Russell,US,32.3502,-85.1999,65.48,45,1,5.75,clear sky
252,Richards Bay,ZA,-28.783,32.0377,66.43,72,100,3.58,overcast clouds
253,Veraval,IN,20.9,70.3667,80.22,63,72,12.53,broken clouds
254,Salinopolis,BR,-0.6136,-47.3561,80.08,85,43,12.77,scattered clouds
255,Alyangula,AU,-13.8483,136.4192,73.27,94,74,3.44,broken clouds
256,Beira,MZ,-19.8436,34.8389,82.49,78,75,14.0,broken clouds
257,Antofagasta,CL,-23.65,-70.4,63.68,68,72,7.45,broken clouds
258,Tilichiki,RU,60.4667,166.1,3.15,95,86,10.29,overcast clouds
259,Killybegs,IE,54.6333,-8.45,46.45,62,21,20.36,few clouds
260,Aberdeen,GB,57.1437,-2.0981,45.21,85,75,14.97,broken clouds
261,Trinidad,BO,-14.8333,-64.9,87.78,58,40,0.0,scattered clouds
262,Osmena,PH,10.5208,119.9258,81.81,81,25,9.78,scattered clouds
263,Tessalit,ML,20.1986,1.0114,74.61,25,69,9.46,broken clouds
264,Elko,US,41.0002,-115.5012,48.63,39,10,1.01,clear sky
265,Viesca,MX,25.35,-102.8,79.36,22,1,6.73,clear sky
266,Savinka,RU,50.0785,47.0994,42.4,86,100,21.41,overcast clouds
267,Surt,LY,31.2089,16.5887,66.07,73,24,6.51,few clouds
268,Menomonie,US,44.8755,-91.9193,45.52,42,100,8.05,overcast clouds
269,Shelburne,CA,44.0787,-80.2041,39.09,80,100,13.06,overcast clouds
270,Tual,ID,-5.6667,132.75,84.38,73,93,6.69,overcast clouds
271,Nyimba,ZM,-14.5566,30.8149,76.8,59,98,5.91,overcast clouds
272,Beroroha,MG,-21.6667,45.1667,79.88,58,75,3.13,broken clouds
273,Alvorada,BR,-12.48,-49.1247,78.58,77,90,0.92,overcast clouds
274,Pangai,TO,-19.8,-174.35,84.31,74,20,4.61,few clouds
275,Sitka,US,57.0531,-135.33,35.49,69,90,27.63,light snow
276,Languyan,PH,5.2618,120.0807,79.2,84,56,1.48,broken clouds
277,Bilma,NE,18.6853,12.9164,78.31,22,34,5.32,scattered clouds
278,Ancud,CL,-41.8697,-73.8203,63.93,81,97,10.13,overcast clouds
279,Myitkyina,MM,25.3833,97.4,61.02,79,6,2.3,clear sky
280,Port-Gentil,GA,-0.7193,8.7815,78.76,94,40,5.75,light rain
281,Tigil,RU,57.8,158.6667,25.09,71,100,17.56,overcast clouds
282,Iskateley,RU,67.6803,53.1512,19.63,96,95,8.34,overcast clouds
283,San Cristobal,VE,7.7669,-72.225,78.98,71,92,0.56,overcast clouds
284,Guerrero Negro,MX,27.9769,-114.0611,68.72,64,99,12.95,overcast clouds
285,Vila Velha,BR,-20.3297,-40.2925,71.94,95,90,11.99,overcast clouds
286,Cap Malheureux,MU,-19.9842,57.6142,76.46,68,3,5.01,clear sky
287,San Lawrenz,MT,36.0553,14.204,57.85,83,0,4.56,clear sky
288,Podgornoye,RU,51.735,39.1496,35.82,69,75,13.42,broken clouds
289,Soria,ES,41.6667,-2.6667,42.85,78,100,2.04,overcast clouds
290,Bonthe,SL,7.5264,-12.505,80.02,85,50,6.87,light rain
291,Pahrump,US,36.2083,-115.9839,71.76,20,100,4.0,overcast clouds
292,Kindu,CD,-2.95,25.95,70.34,99,97,1.92,light rain
293,Pilar,BR,-9.5972,-35.9567,76.93,76,32,9.48,scattered clouds
294,Port Alfred,ZA,-33.5906,26.891,64.42,77,99,17.43,overcast clouds
295,Codrington,AU,-38.2667,141.9667,56.95,64,30,10.16,scattered clouds
296,Ambon,ID,-3.6954,128.1814,77.14,94,20,6.91,few clouds
297,Fairbanks,US,64.8378,-147.7164,-1.08,74,1,0.0,clear sky
298,Gasa,PS,31.5,34.4667,58.98,67,69,2.91,broken clouds
299,Jacareacanga,BR,-6.2222,-57.7528,80.85,72,100,1.92,moderate rain
300,Singaraja,ID,-8.112,115.0882,76.96,86,100,2.59,moderate rain
301,Petropavlovsk-Kamchatskiy,RU,53.0452,158.6483,36.19,75,75,24.61,light rain
302,Dir,PK,35.2058,71.8756,46.02,29,0,9.89,clear sky
303,Ilmajoki,FI,62.7333,22.5667,31.59,78,40,3.44,scattered clouds
304,Tazovskiy,RU,67.4667,78.7,-3.62,93,100,20.8,overcast clouds
305,Batemans Bay,AU,-35.7167,150.1833,61.2,92,100,6.11,moderate rain
306,Ahaus,DE,52.0667,7.0,47.46,87,100,4.0,overcast clouds
307,San Diego De Los Banos,CU,22.6467,-83.3697,75.65,88,100,5.97,overcast clouds
308,Roma,US,43.2128,-75.4557,42.84,68,1,6.91,clear sky
309,Baykit,RU,61.67,96.37,-21.57,100,97,2.75,overcast clouds
310,Shingu,JP,33.7333,135.9833,57.51,74,35,4.9,scattered clouds
311,Paraje Nuevo,MX,18.8708,-96.8667,70.72,87,60,4.25,broken clouds
312,Pocoes,BR,-14.5297,-40.3653,69.84,88,90,5.93,overcast clouds
313,Vysokogornyy,RU,50.1167,139.15,2.66,100,87,1.77,overcast clouds
314,Martapura,ID,-3.4167,114.85,75.29,100,90,1.14,overcast clouds
315,San Jose De Gracia,MX,20.6667,-102.5833,73.81,28,6,1.36,clear sky
316,Fort Frances,CA,48.5999,-93.4003,34.02,66,1,1.99,clear sky
317,Orchard Homes,US,46.8633,-114.0484,41.27,66,90,1.99,overcast clouds
318,Fairview,US,40.8126,-73.999,45.23,58,100,10.0,overcast clouds
319,Zhurivka,UA,50.5028,31.7849,40.98,77,13,12.17,few clouds
320,Keflavik,IS,64.0049,-22.5624,32.43,74,90,8.05,snow
321,Caravelas,BR,-17.7125,-39.2481,74.82,91,100,2.08,overcast clouds
322,Ndende,GA,-2.4008,11.3581,72.77,100,100,0.83,moderate rain
323,Mehamn,NO,71.0357,27.8492,29.07,68,100,24.76,light snow
324,Qujing,CN,25.4833,103.7833,51.93,91,65,0.51,broken clouds
325,Broken Hill,AU,-31.95,141.4333,53.31,87,90,14.97,overcast clouds
326,Tura,IN,25.5198,90.2201,61.83,75,14,2.64,few clouds
327,Dingle,PH,10.9995,122.6711,76.19,91,50,3.71,scattered clouds
328,Comodoro Rivadavia,AR,-45.8667,-67.5,71.46,43,40,23.02,light rain
329,Teknaf,BD,20.8624,92.3058,71.64,70,2,8.59,clear sky
330,Tiarei,PF,-17.5333,-149.3333,87.82,68,2,15.35,clear sky
331,Dubrovnik,HR,42.6481,18.0922,60.44,47,0,4.61,clear sky
332,Henties Bay,NA,-22.116,14.2845,59.86,95,19,6.04,few clouds
333,Thompson,CA,55.7435,-97.8558,19.56,79,90,13.8,light snow
334,Bonoua,CI,5.2741,-3.595,82.02,91,19,4.36,light rain
335,Yamada,JP,39.4667,141.95,42.39,71,90,4.27,overcast clouds
336,Tautira,PF,-17.7333,-149.15,87.82,67,12,13.49,few clouds
337,Milkovo,RU,54.7167,158.6167,32.41,80,100,20.22,light snow
338,Atherton,GB,53.5237,-2.4935,49.42,84,98,3.0,overcast clouds
339,Husavik,IS,66.0449,-17.3389,17.51,86,100,10.25,overcast clouds
340,Araouane,ML,18.9048,-3.5265,78.1,26,27,12.26,scattered clouds
341,Lalmohan,BD,22.3384,90.7419,71.26,69,6,4.97,clear sky
342,Los Arabos,CU,22.7281,-80.7214,80.15,68,84,11.01,broken clouds
343,Tomatlan,MX,19.9333,-105.25,90.27,37,4,5.5,clear sky
344,Qasigiannguit,GL,68.8193,-51.1922,18.55,95,100,11.41,snow
345,Turochak,RU,52.2576,87.1224,5.09,96,71,3.22,broken clouds
346,East London,ZA,-33.0153,27.9116,63.43,87,100,11.39,light rain
347,Onalaska,US,43.8844,-91.2351,48.67,51,1,5.75,clear sky
348,San Patricio,US,28.017,-97.5169,80.47,58,68,13.87,broken clouds
349,Bonavista,CA,48.6499,-53.1147,38.12,76,53,11.63,light rain
350,Ocos,GT,14.5094,-92.1933,84.31,72,98,4.68,overcast clouds
351,Canon City,US,38.441,-105.2424,60.31,28,1,9.22,clear sky
352,Cidreira,BR,-30.1811,-50.2056,66.34,70,0,14.03,clear sky
353,Reconquista,AR,-29.15,-59.65,78.4,48,0,5.23,clear sky
354,Witu,KE,-2.3889,40.4382,80.76,86,26,5.82,scattered clouds
355,Chhabra,IN,24.6667,76.8333,65.84,59,37,4.52,scattered clouds
356,Bac Ninh,VN,21.1833,106.05,75.29,93,100,4.88,overcast clouds
357,Muroto,JP,33.2833,134.15,48.24,66,96,8.05,overcast clouds
358,Tasiilaq,GL,65.6145,-37.6368,26.51,96,100,17.58,snow
359,Mugur-Aksy,RU,50.35,90.5,-3.91,80,22,6.49,few clouds
360,Daru,PG,-9.0763,143.2092,80.8,85,75,15.1,broken clouds
361,Imeni Poliny Osipenko,RU,52.4201,136.4853,-5.39,100,45,1.23,scattered clouds
362,Gushikawa,JP,26.3544,127.8686,73.4,76,75,12.66,broken clouds
363,Rio Grande,BR,-32.035,-52.0986,78.91,69,1,9.13,clear sky
364,Bengkulu,ID,-3.8004,102.2655,75.31,89,100,3.87,overcast clouds
365,Avera,US,33.194,-82.5271,62.47,43,10,6.44,clear sky
366,Laureles,US,26.1092,-97.4941,82.38,68,40,7.0,scattered clouds
367,Aykhal,RU,66.0,111.5,-20.13,100,64,5.39,broken clouds
368,Trojan,PL,53.7897,20.2404,48.67,83,100,15.84,overcast clouds
369,Krasnyy Gulyay,RU,54.0282,48.3333,31.59,98,100,14.65,light snow
370,Kang,BW,-23.6752,22.7876,71.76,53,97,12.77,overcast clouds
371,Kamaishi,JP,39.2667,141.8833,43.88,71,77,4.94,broken clouds
372,Kostomuksha,RU,64.571,30.5767,26.29,92,81,8.57,broken clouds
373,Namalenga,TZ,-10.95,39.1,71.26,90,27,4.79,scattered clouds
374,Kirakira,SB,-10.4544,161.9205,83.7,69,17,4.7,few clouds
375,Nevyansk,RU,57.4953,60.2112,25.56,85,100,8.25,overcast clouds
376,Anadyr,RU,64.75,177.4833,-14.01,75,0,8.95,clear sky
377,Kenai,US,60.5544,-151.2583,15.15,81,1,13.8,clear sky
378,Heishan,CN,41.6892,122.1128,27.72,82,100,7.34,overcast clouds
379,Nyzhni Sirohozy,UA,46.8484,34.3804,44.53,71,96,11.65,overcast clouds
380,Toba,JP,34.4833,136.85,53.6,67,1,5.41,clear sky
381,Methoni,GR,36.8197,21.7049,56.21,66,0,2.64,clear sky
382,Chingirlau,KZ,51.095,54.0814,33.8,93,100,26.35,light rain
383,Dharchula,IN,29.85,80.5333,53.01,34,0,7.92,clear sky
384,Ramanuj Ganj,IN,23.8,83.7,67.32,59,97,2.13,overcast clouds
385,Saquena,PE,-4.6667,-73.5167,78.04,93,99,1.43,overcast clouds
386,Sao Mateus,BR,-18.7161,-39.8589,72.21,97,100,3.65,overcast clouds
387,Sarakhs,IR,36.5449,61.1577,47.89,35,0,8.05,clear sky
388,Komsomolskiy,UZ,40.4272,71.7189,30.92,55,0,6.91,clear sky
389,Elk Point,US,42.6833,-96.6836,51.04,34,99,8.3,overcast clouds
390,Alexandria,EG,31.2156,29.9553,59.54,88,40,6.91,thunderstorm
391,Vardo,NO,70.3705,31.1107,31.82,63,92,28.7,light snow
392,Caraquet,CA,47.7941,-64.9386,33.35,70,13,7.83,few clouds
393,Sal Rei,CV,16.1833,-22.9167,77.56,77,100,10.29,overcast clouds
394,Tuatapere,NZ,-46.1333,167.6833,55.9,80,100,2.91,heavy intensity rain
395,Okhotsk,RU,59.3833,143.3,7.09,79,100,19.39,overcast clouds
396,Sao Felix Do Xingu,BR,-6.6447,-51.995,76.59,87,61,1.23,broken clouds
397,Puerto Ayora,EC,-0.7393,-90.3518,76.96,77,74,10.74,broken clouds
398,Requena,ES,39.4883,-1.1004,51.13,95,100,1.99,overcast clouds
399,Priargunsk,RU,50.3691,119.1012,13.14,92,100,4.97,overcast clouds
400,Gifhorn,DE,52.4833,10.55,49.26,88,90,1.01,overcast clouds
401,Brooks,CA,50.5834,-111.8851,49.62,43,80,18.41,broken clouds
402,Vestmannaeyjar,IS,63.4427,-20.2734,33.87,65,98,15.97,overcast clouds
403,Tete,MZ,-16.1564,33.5867,84.29,54,40,5.99,scattered clouds
404,Carballo,ES,43.213,-8.691,53.91,89,16,2.01,few clouds
405,Ilhabela,BR,-23.7781,-45.3581,68.05,84,100,5.32,overcast clouds
406,Carrigaline,IE,51.8117,-8.3986,47.95,87,40,14.97,scattered clouds
407,Luganville,VU,-15.5333,167.1667,81.23,73,100,1.72,moderate rain
408,Khilok,RU,51.3674,110.4676,11.07,95,100,2.77,light snow
409,Nabire,ID,-3.3667,135.4833,77.59,89,98,2.26,overcast clouds
410,Pesqueria,MX,25.7833,-100.05,77.18,48,0,11.03,clear sky
411,Chapais,CA,49.7834,-74.8492,29.98,86,100,12.15,overcast clouds
412,Verkhnyaya Inta,RU,65.9811,60.3094,7.92,87,100,6.89,overcast clouds
413,Laurel,US,39.0993,-76.8483,46.63,58,1,1.01,clear sky
414,Hope,US,33.6671,-93.5916,69.08,51,77,7.27,broken clouds
415,Beringovskiy,RU,63.05,179.3167,-2.02,93,42,7.81,scattered clouds
416,La Ronge,CA,55.1001,-105.2842,17.85,67,90,13.8,light snow
417,Karasburg,NA,-28.0167,18.75,68.7,28,0,9.51,clear sky
418,Qostanay,KZ,53.1667,63.5833,16.09,86,40,13.42,scattered clouds
419,Log,RU,49.4844,43.8613,40.89,74,98,22.75,overcast clouds
420,Belyy Yar,RU,53.6039,91.3903,22.89,74,0,8.95,clear sky
421,Port Macquarie,AU,-31.4333,152.9167,66.16,96,100,3.71,light rain
422,Petropavlovka,RU,50.6114,105.3196,2.05,83,49,5.01,scattered clouds
423,Vilyuysk,RU,63.7553,121.6247,-21.59,100,87,0.76,overcast clouds
424,Little Current,CA,45.9793,-81.9248,40.41,80,100,15.14,overcast clouds
425,Pangnirtung,CA,66.1451,-65.7125,5.65,82,82,4.36,broken clouds
426,Phulabani,IN,20.4667,84.2333,68.95,97,19,3.53,few clouds
427,Baltay,RU,52.4652,46.6308,34.05,97,100,18.34,overcast clouds
428,Aripuana,BR,-9.1667,-60.6333,77.74,80,98,0.47,overcast clouds
429,Gurlan,UZ,41.8447,60.3919,28.47,50,38,5.03,scattered clouds
430,Krasnyy Chikoy,RU,50.3643,108.7512,10.02,85,100,7.54,light snow
431,Santiago,CL,-33.4569,-70.6483,87.24,23,0,9.22,clear sky
432,Polis,CY,35.0367,32.4264,62.42,81,44,21.88,scattered clouds
433,Necochea,AR,-38.5473,-58.7368,82.76,30,17,8.05,few clouds
434,Devrek,TR,41.2192,31.9558,48.56,82,98,1.9,overcast clouds
435,Faya,SA,18.3851,42.4509,55.51,59,0,3.53,clear sky
436,Souillac,MU,-20.5167,57.5167,76.35,73,40,8.05,scattered clouds
437,Luwuk,ID,-0.9516,122.7875,78.03,86,79,2.06,broken clouds
438,Morehead,US,37.2711,-87.1764,56.95,35,75,6.91,broken clouds
439,Havre-Saint-Pierre,CA,50.2334,-63.5986,34.39,59,1,8.05,clear sky
440,Leningradskiy,RU,69.3833,178.4167,-11.38,86,3,3.44,clear sky
441,Kholodnyy,RU,62.7167,147.95,-15.0,100,97,3.58,overcast clouds
442,Atambua,ID,-9.1061,124.8925,77.11,84,61,0.98,broken clouds
443,Armidale,AU,-30.5167,151.65,55.81,98,100,5.12,light rain
444,Viedma,AR,-40.8135,-62.9967,84.72,18,9,6.42,clear sky
445,Dire,ML,12.2833,-10.9667,78.21,27,1,2.55,clear sky
446,Turayf,SA,31.6725,38.6637,53.85,82,0,0.0,clear sky
447,Sao Jose Da Coroa Grande,BR,-8.8978,-35.1478,78.76,80,18,11.9,few clouds
448,Ustka,PL,54.5805,16.8619,49.12,89,100,25.1,overcast clouds
449,Yuancheng,CN,36.652,107.7896,28.08,53,67,21.88,broken clouds
450,Hit,IQ,33.6416,42.8251,61.48,53,98,6.53,overcast clouds
451,Ossora,RU,59.2353,163.0719,27.86,89,100,18.07,light snow
452,Lufilufi,WS,-13.8745,-171.5986,87.58,75,42,16.53,scattered clouds
453,Chulym,RU,55.0997,80.9572,15.51,83,100,12.93,overcast clouds
454,Zhovti Vody,UA,48.3473,33.5003,38.86,72,72,12.03,broken clouds
455,Punta Cardon,VE,11.6581,-70.215,81.81,75,76,23.17,broken clouds
456,Ventspils,LV,57.3894,21.5606,46.33,81,40,11.5,scattered clouds
457,Sterling,US,39.0062,-77.4286,46.54,58,75,8.01,broken clouds
458,Beloha,MG,-25.1667,45.05,72.1,84,79,6.33,broken clouds
459,Camacha,PT,33.0833,-16.3333,62.02,68,20,2.3,few clouds
460,Aswan,EG,24.0934,32.907,67.3,37,0,4.61,clear sky
461,Vikhorevka,RU,56.1201,101.1636,4.59,93,98,3.96,overcast clouds
462,Tateyama,JP,34.9833,139.8667,55.42,75,6,8.77,clear sky
463,Alihe,CN,50.5667,123.7167,9.32,98,84,0.94,broken clouds
464,Ravar,IR,31.2656,56.8055,51.22,38,0,1.59,clear sky
465,Doka,SD,13.5167,35.7667,76.32,19,0,10.58,clear sky
466,Tosham,IN,28.8833,75.9167,65.05,23,0,4.74,clear sky
467,Fruitville,US,27.3298,-82.4576,74.95,69,90,1.01,overcast clouds
468,Thinadhoo,MV,0.5333,72.9333,80.65,82,100,17.27,moderate rain
469,Myrtle Grove,US,30.421,-87.3075,72.52,61,40,4.61,scattered clouds
470,Monrovia,LR,6.3005,-10.7969,76.77,80,62,6.71,broken clouds
471,Roald,NO,62.5833,6.1333,40.33,75,40,10.36,scattered clouds
472,Kulunda,RU,52.566,78.9385,12.92,76,77,12.39,broken clouds
473,Zhigansk,RU,66.7697,123.3711,-25.51,99,98,5.35,overcast clouds
474,Lorengau,PG,-2.0226,147.2712,83.91,66,25,3.76,scattered clouds
475,Plettenberg Bay,ZA,-34.0527,23.3716,60.67,81,79,12.21,broken clouds
476,Pingzhuang,CN,42.0372,119.2889,23.63,86,97,2.28,overcast clouds
477,Nara,JP,34.6851,135.8049,52.97,72,1,1.97,clear sky
478,Victoria Point,AU,-27.5833,153.3,75.15,81,99,1.99,overcast clouds
479,Svirstroy,RU,60.7999,33.7248,30.7,89,99,7.2,overcast clouds
480,Quatre Cocos,MU,-20.2078,57.7625,76.08,68,2,8.9,clear sky
481,Saldanha,ZA,-33.0117,17.9442,66.25,76,90,14.58,overcast clouds
482,Tongliao,CN,43.6125,122.2653,21.13,96,100,5.03,overcast clouds
483,Lagunas,PE,-5.2269,-75.6753,86.79,58,82,2.44,light rain
484,Smithers,CA,54.7804,-127.1743,32.32,93,20,2.3,light snow
485,Kanel,SN,15.4916,-13.1763,84.2,37,0,4.61,clear sky
486,Kelo,TD,9.3086,15.8066,80.35,27,8,5.26,clear sky
487,Sept-Iles,CA,50.2001,-66.3821,33.06,66,40,4.0,scattered clouds
488,Ulladulla,AU,-35.35,150.4667,59.88,91,100,7.99,light rain
489,Mapastepec,MX,15.4333,-92.9,85.51,63,6,3.56,clear sky
490,Esperance,AU,-33.8667,121.9,55.24,76,0,17.43,clear sky
491,The Valley,AI,18.217,-63.0578,80.74,74,40,5.75,scattered clouds
492,General Roca,AR,-39.0333,-67.5833,93.61,10,0,18.57,clear sky
493,Ushtobe,KZ,45.2514,77.9838,25.74,59,7,6.8,clear sky
494,Long Beach,US,33.767,-118.1892,77.85,76,1,8.99,haze
495,Gamba,GA,-2.65,10.0,75.09,92,100,5.03,overcast clouds
496,Oranjemund,NA,-28.55,16.4333,59.95,95,16,6.67,few clouds
497,Zalantun,CN,48.0,122.7167,16.95,93,100,3.06,overcast clouds
498,Ketchikan,US,55.3422,-131.6461,40.44,97,100,11.21,moderate rain
499,Taltal,CL,-25.4,-70.4833,65.53,66,100,5.59,overcast clouds
500,Lalibela,ET,12.0333,39.0333,57.4,50,6,6.53,clear sky
501,Pacific Grove,US,36.6177,-121.9166,71.58,69,1,7.0,clear sky
502,Rio Gallegos,AR,-51.6226,-69.2181,55.45,24,40,33.38,scattered clouds
503,Beni,CD,0.5,29.4667,60.96,98,32,2.8,light rain
504,Lompoc,US,34.6391,-120.4579,78.01,62,1,13.8,clear sky
505,Lipari,IT,38.4674,14.954,63.16,71,3,7.16,clear sky
506,Merke,KZ,42.8728,73.1786,38.19,48,2,7.61,clear sky
507,Lazaro Cardenas,MX,17.9583,-102.2,83.62,59,5,7.61,clear sky
508,Broome,US,42.2506,-75.833,41.7,64,100,1.99,overcast clouds
509,Crestview,US,30.7621,-86.5705,73.11,53,1,4.0,clear sky
510,Gat,IL,31.61,34.7642,60.4,75,89,3.56,overcast clouds
511,San Miguelito,PA,9.0333,-79.5,81.43,81,40,5.75,scattered clouds
512,Dubna,RU,56.7333,37.1667,33.28,95,100,13.89,light snow
513,Korla,CN,41.7597,86.1469,26.35,58,0,3.02,clear sky
514,Ndola,ZM,-12.9587,28.6366,67.44,73,92,1.95,light rain
515,Cabo Rojo,PR,18.0866,-67.1457,83.97,74,35,1.99,scattered clouds
516,Savannakhet,LA,16.566,104.751,72.43,87,67,2.53,broken clouds
517,Melilla,ES,35.2937,-2.9383,59.38,82,20,8.05,few clouds
518,Vincennes,FR,48.85,2.4333,45.55,93,90,1.14,mist
519,Hastings,GB,50.8552,0.5729,50.92,78,91,7.7,overcast clouds
520,Tukrah,LY,32.5341,20.5791,64.65,74,76,10.8,broken clouds
521,Ouadda,CF,8.0777,22.4007,72.68,33,29,5.7,scattered clouds
522,Palmeiras De Goias,BR,-16.805,-49.9258,73.45,87,81,2.98,broken clouds
523,Raudeberg,NO,61.9875,5.1352,39.87,87,75,7.0,broken clouds
524,Raga,SS,8.4596,25.678,77.22,26,14,5.35,few clouds
525,Mnogovershinnyy,RU,53.9353,139.9242,11.46,96,89,6.64,overcast clouds
526,Hualmay,PE,-11.0964,-77.6139,67.59,79,93,10.92,overcast clouds
527,Rudbar,AF,30.15,62.6,51.15,25,0,2.17,clear sky
528,Shache,CN,38.4167,77.2406,29.16,44,0,2.91,clear sky
529,Kichmengskiy Gorodok,RU,59.9816,45.7854,26.46,97,100,1.48,light snow
530,Winneba,GH,5.3511,-0.6231,82.87,87,12,7.65,few clouds
531,Arua,UG,3.0201,30.9111,65.34,76,16,5.77,few clouds
532,Chop,UA,48.432,22.2055,47.08,94,80,6.17,broken clouds
533,Yerbogachen,RU,61.2767,108.0108,-0.26,97,100,2.3,overcast clouds
534,Troy,US,42.6056,-83.1499,40.62,77,90,1.01,overcast clouds
535,Paita,PE,-5.0892,-81.1144,72.16,78,62,17.0,broken clouds
536,Adre,TD,13.4667,22.2,72.34,22,0,15.73,clear sky
537,Bud,US,39.447,-86.1758,50.05,62,76,6.71,broken clouds
538,Biak,ID,-0.9131,122.8766,76.68,84,76,1.48,broken clouds
539,San Felipe,VE,10.3399,-68.7425,76.71,80,62,6.62,broken clouds
540,Slupsk,PL,54.4641,17.0287,48.88,87,100,20.24,overcast clouds
541,Dosso,NE,13.049,3.1937,80.87,14,1,8.37,clear sky
542,Itarema,BR,-2.9248,-39.9167,81.21,77,91,18.14,overcast clouds
543,Pangoa,PE,-12.1167,-73.0,74.59,73,88,2.06,overcast clouds
544,Sao Joao Da Barra,BR,-21.6403,-41.0511,73.49,86,100,15.68,overcast clouds
545,Phalodi,IN,27.1333,72.3667,69.71,53,9,8.1,clear sky
546,Arroyo,ES,41.6096,-4.7969,54.19,73,0,3.44,clear sky
547,Ulaangom,MN,49.9811,92.0667,6.17,63,30,3.87,scattered clouds
548,Nerchinskiy Zavod,RU,51.3088,119.61,8.71,97,99,2.8,overcast clouds
549,Labuhan,ID,-6.8844,112.2051,78.28,85,100,4.34,overcast clouds
550,Mollendo,PE,-17.0231,-72.0147,66.96,80,94,7.34,overcast clouds
551,Mende,FR,44.6667,3.5,35.46,80,92,2.59,overcast clouds
552,Port Hedland,AU,-20.3167,118.5667,77.05,78,99,5.75,overcast clouds
553,Kodinsk,RU,58.6881,99.1844,3.83,98,100,3.29,overcast clouds
554,Motygino,RU,58.1831,94.7592,4.14,98,100,2.55,overcast clouds
555,Snezhnogorsk,RU,69.1933,33.2531,28.18,72,100,19.42,light snow
556,La Macarena,CO,2.1837,-73.7849,84.33,56,100,3.65,overcast clouds
557,Road Town,VG,18.4167,-64.6167,80.64,78,75,5.75,broken clouds
558,Aklavik,CA,68.2191,-135.0107,5.0,85,90,3.44,light snow
559,Pasni,PK,25.2631,63.471,71.33,31,0,13.27,clear sky
560,Pontianak,ID,-0.0333,109.3333,75.18,100,100,1.14,overcast clouds
561,Yongan,CN,39.6957,113.6871,24.42,54,62,22.19,broken clouds
562,Rincon,US,32.296,-81.2354,64.58,73,4,4.88,clear sky
563,Ingham,US,42.6,-84.3833,40.48,74,1,6.91,clear sky
564,Bara,NG,10.3744,10.7288,79.45,20,39,6.76,scattered clouds
565,Bundaberg,AU,-24.85,152.35,81.21,70,40,1.01,scattered clouds
566,Zaragoza,ES,41.6561,-0.8773,49.01,82,20,1.01,few clouds
567,Leshukonskoye,RU,64.8989,45.7622,26.08,97,100,5.12,overcast clouds
568,Dwarka,IN,22.2394,68.9678,78.48,76,16,11.48,few clouds
569,Carbonia,IT,39.1672,8.5222,52.02,88,21,3.18,few clouds
570,Surdulica,RS,42.6906,22.1708,40.68,93,10,1.97,clear sky
571,Barranca,PE,-10.75,-77.7667,65.84,81,98,9.26,overcast clouds
572,Victoria,HK,22.2855,114.1577,74.25,87,68,7.0,broken clouds
573,Channel-Port Aux Basques,CA,47.5702,-59.1367,38.01,60,85,22.37,overcast clouds
574,Devils Lake,US,48.1128,-98.8651,39.18,52,1,13.8,clear sky
575,Hovd,MN,48.0056,91.6419,6.66,37,6,1.14,clear sky
576,Jega,NG,12.2175,4.3792,81.16,15,4,8.95,clear sky
577,Porto Novo,BJ,6.4965,2.6036,82.22,85,43,6.64,scattered clouds
578,Tabuk,PH,17.4189,121.4443,70.95,90,97,2.04,overcast clouds
579,Saint Anthony,US,45.0205,-93.218,43.83,49,40,1.01,scattered clouds
580,Batagay,RU,67.6333,134.6333,-17.48,100,98,1.63,overcast clouds
581,Tromso,NO,69.6496,18.957,29.05,86,75,3.0,light shower snow
582,Lima,PE,-12.0432,-77.0282,69.91,73,75,11.5,broken clouds
583,Ariquemes,BR,-9.9133,-63.0408,77.67,90,32,2.53,scattered clouds
584,Skjervoy,NO,70.0311,20.9714,32.92,78,92,22.41,light snow
585,Praia Da Vitoria,PT,38.7333,-27.0667,66.76,82,40,23.71,scattered clouds
586,Sorland,NO,67.667,12.6934,36.34,63,100,30.91,light rain
587,Nayudupeta,IN,13.9,79.9,76.42,93,72,2.98,broken clouds
588,Abashiri,JP,44.0213,144.2697,34.97,84,100,3.53,overcast clouds
589,Corum,TR,40.5,34.75,35.4,81,50,3.4,scattered clouds
590,Atasu,KZ,48.6814,71.6433,10.54,76,100,6.73,overcast clouds
591,Warner Robins,US,32.621,-83.5999,62.62,53,1,6.91,clear sky
592,Xuddur,SO,4.1213,43.8894,71.4,72,96,11.92,overcast clouds
593,San Policarpo,PH,12.1791,125.5072,80.71,83,84,5.14,broken clouds
594,Bowen,AU,-20.0167,148.2333,73.62,63,9,7.43,clear sky
595,Vizinga,RU,61.0749,50.1031,26.82,97,100,5.17,light snow
596,Half Moon Bay,US,37.4636,-122.4286,70.77,55,1,4.0,clear sky
597,Babu,CN,24.4167,111.5167,67.35,98,100,1.07,overcast clouds
598,Strezhevoy,RU,60.7333,77.5889,19.38,96,100,10.29,light snow
599,Hirara,JP,24.8,125.2833,71.87,88,75,5.75,broken clouds
600,Pouembout,NC,-21.1333,164.9,79.25,62,50,6.15,scattered clouds
601,Inhambane,MZ,-23.865,35.3833,73.74,75,99,10.69,overcast clouds
602,Taman,RU,45.2117,36.7161,50.34,77,100,17.94,overcast clouds
603,Strelka,RU,58.0728,93.0344,9.16,95,100,4.74,light snow
604,Huangnihe,CN,43.5583,128.0239,21.63,89,100,3.13,overcast clouds
605,Mananjary,MG,-21.2167,48.3333,74.01,86,2,7.31,clear sky
606,Maraa,BR,-1.8333,-65.3667,75.09,95,97,2.64,moderate rain
607,Yar-Sale,RU,66.8333,70.8333,7.5,94,100,16.78,light snow
608,Benghazi,LY,32.1167,20.0667,66.78,66,35,12.97,scattered clouds
609,Sandnessjoen,NO,66.0217,12.6316,39.18,76,88,5.99,light rain
610,Novopavlovka,RU,51.2172,109.2091,11.93,89,100,3.36,light snow
611,Darhan,MN,49.4867,105.9228,10.58,67,100,5.3,overcast clouds
612,Barra Da Estiva,BR,-13.6261,-41.3269,69.06,81,78,3.65,broken clouds
613,Eldorado,BR,-23.7869,-54.2836,75.31,71,69,5.28,broken clouds
614,Ostrovnoy,RU,68.0531,39.5131,28.78,86,100,4.34,overcast clouds
615,Lyuban,BY,52.7985,28.0048,40.62,89,100,8.39,overcast clouds
616,Portland,US,45.5234,-122.6762,54.39,71,75,1.01,broken clouds
617,Cassilandia,BR,-19.1133,-51.7342,74.21,89,89,0.98,overcast clouds
618,Camara De Lobos,PT,32.6333,-16.9667,65.71,83,20,7.0,few clouds
619,Dinguiraye,GN,11.3,-10.7167,74.23,30,11,0.54,few clouds
620,Bauchi,NG,10.5,10.0,75.87,23,11,6.04,few clouds
621,Devonport,AU,-41.1667,146.35,58.01,64,86,2.68,overcast clouds
622,Almaznyy,RU,48.0448,40.045,42.94,68,88,19.3,overcast clouds
623,Lata,PT,40.1629,-8.3327,57.61,82,72,4.38,light rain
624,Muros,ES,42.7762,-9.0603,59.85,91,49,6.22,scattered clouds
625,Maceio,BR,-9.6658,-35.7353,78.24,83,20,6.91,few clouds
626,North Bend,US,43.4065,-124.2243,54.07,83,1,10.36,clear sky
627,Finschhafen,PG,-6.6024,147.8681,83.71,69,52,5.5,broken clouds
628,Brigantine,US,39.4101,-74.3646,47.05,67,100,7.87,overcast clouds
629,Brae,GB,60.3964,-1.353,40.91,70,94,24.87,overcast clouds
630,Arman,RU,59.7,150.1667,16.68,78,100,11.97,overcast clouds
631,Port Hawkesbury,CA,45.6169,-61.3485,38.7,68,90,10.0,overcast clouds
632,Dickinson,US,29.4608,-95.0513,77.22,78,100,3.0,overcast clouds
633,Xinzhou,CN,38.4092,112.7333,33.03,40,49,8.16,scattered clouds
634,Minsk,BY,53.9,27.5667,42.55,90,100,11.52,overcast clouds
635,Namatanai,PG,-3.6667,152.4333,79.32,84,80,10.71,moderate rain
636,Nemuro,JP,43.3236,145.575,37.47,71,68,9.93,broken clouds
637,Port Shepstone,ZA,-30.7414,30.455,65.25,86,100,9.1,light rain
638,Akcakoca,TR,41.0866,31.1162,49.8,77,92,1.95,overcast clouds
639,Aksarka,RU,66.5606,67.7975,12.85,95,100,9.1,light snow
640,Aleppo,SY,36.25,37.5,51.91,75,100,12.03,overcast clouds
641,Soverato,IT,38.685,16.5499,55.35,78,20,6.29,few clouds
642,Nelson Bay,AU,-32.7167,152.15,64.99,95,100,1.01,light rain
643,Springbok,ZA,-29.6643,17.8865,59.18,47,2,3.83,clear sky
644,Flinders,AU,-34.5833,150.8552,61.21,94,100,4.0,light rain
645,Mangai,CD,-4.05,19.5333,69.91,99,84,2.64,light rain
646,Terme,TR,41.2092,36.9739,51.96,76,69,4.03,broken clouds
647,Mamit,IN,23.9333,92.4833,55.08,79,10,2.21,clear sky
648,Birnin Kebbi,NG,12.4539,4.1975,81.5,14,6,8.99,clear sky
649,Lauingen,DE,48.5677,10.4271,40.59,92,27,4.16,scattered clouds
650,Ambilobe,MG,-13.2,49.05,73.98,80,48,3.58,scattered clouds
651,Westerland,DE,54.9079,8.3033,50.02,93,90,23.02,overcast clouds
652,Ko Samui,TH,9.5357,99.9357,82.18,78,68,7.36,broken clouds
653,Oistins,BB,13.0667,-59.5333,82.49,65,40,13.8,scattered clouds
654,Una,IN,20.8167,71.0333,80.85,55,61,11.52,broken clouds
655,Ciparay,ID,-7.4249,108.4742,74.98,97,93,1.19,overcast clouds
656,Binga,ZW,-17.6203,27.3414,74.57,75,100,3.31,overcast clouds
657,Laguna,US,38.421,-121.4238,71.06,56,1,1.01,clear sky
658,Tigzirt,DZ,36.8886,4.1198,60.13,76,100,9.66,overcast clouds
659,Aldan,RU,58.6031,125.3894,-18.8,99,82,3.4,broken clouds
660,Sabang,ID,5.8933,95.3214,80.76,80,100,16.26,overcast clouds
661,Zelenoborskiy,RU,66.845,32.3622,28.36,89,99,9.48,overcast clouds
662,Skala Fourkas,GR,39.9998,23.3841,55.44,63,3,1.52,clear sky
663,Merauke,ID,-8.4667,140.3333,80.73,85,100,11.65,light rain
664,Mamanguape,BR,-6.8386,-35.1261,80.92,76,100,7.07,overcast clouds
665,Panyutyne,UA,48.9333,36.2833,39.87,67,58,16.13,broken clouds
666,Orasac,BA,44.6289,16.0711,45.0,90,0,1.61,clear sky
667,Bosaso,SO,11.2842,49.1816,76.15,65,46,5.59,scattered clouds
668,Adrar,MR,20.5022,-10.0711,80.4,23,98,8.5,overcast clouds
669,Brenham,US,30.1669,-96.3977,78.22,70,90,3.44,overcast clouds
670,Edson,CA,53.5835,-116.4356,10.54,85,90,6.91,light snow
671,San Quintin,MX,30.4833,-115.95,64.47,73,100,12.06,overcast clouds
672,Kavaratti,IN,10.5669,72.642,80.65,78,86,15.32,overcast clouds
673,Okha,RU,53.5739,142.9478,27.79,91,100,17.22,light snow
674,Zhangye,CN,38.9342,100.4517,21.4,67,95,3.2,overcast clouds
675,Makakilo City,US,21.3469,-158.0858,83.61,59,40,4.61,scattered clouds
676,Kulhudhuffushi,MV,6.6221,73.07,81.05,69,30,15.41,scattered clouds
677,Ghauspur,PK,28.1391,69.0831,55.29,17,0,5.84,clear sky
678,Masaka,UG,-0.3338,31.7341,61.92,87,58,2.35,light rain
679,Bihac,BA,44.8169,15.8708,44.44,90,0,1.66,clear sky
680,Wanning,CN,18.8003,110.3967,75.56,87,84,2.1,broken clouds
681,Nongstoin,IN,25.5167,91.2667,52.68,64,11,2.44,few clouds
682,Palauig,PH,15.435,119.9045,80.35,72,100,3.33,overcast clouds
683,Beyneu,KZ,45.3167,55.2,33.12,57,68,9.86,broken clouds
684,Bulgan,MN,48.8125,103.5347,4.51,62,21,6.08,few clouds
685,Mayo,US,38.8876,-76.5119,47.12,61,100,1.01,overcast clouds
686,Tambacounda,SN,13.7539,-13.7586,77.05,61,0,2.3,clear sky
687,Nakambala,ZM,-15.8324,27.7799,68.65,71,78,1.57,light rain
688,Mugumu,TZ,-1.85,34.7,61.83,82,68,8.5,broken clouds
689,Najran,SA,17.4924,44.1277,70.45,60,1,5.79,clear sky
690,Zhanaozen,KZ,43.3,52.8,44.91,91,75,7.78,broken clouds
691,Ahipara,NZ,-35.1667,173.1667,71.08,68,26,9.82,scattered clouds
692,Belaya Gora,RU,68.5333,146.4167,-8.77,99,98,0.74,overcast clouds
693,Tongzi,CN,28.7829,105.0877,53.78,82,100,2.24,overcast clouds
694,Popondetta,PG,-8.7537,148.2534,82.56,71,100,0.54,overcast clouds
695,Yokadouma,CM,3.5167,15.05,69.12,95,77,0.81,broken clouds
696,Waipawa,NZ,-41.4122,175.5153,60.46,61,100,8.41,light rain
697,Alpoyeca,MX,17.6667,-98.5167,82.94,40,8,3.13,clear sky
698,Aracatuba,BR,-21.2089,-50.4328,80.04,56,93,9.28,overcast clouds
699,Gubkinskiy,RU,64.434,76.5026,4.64,94,100,16.53,overcast clouds
700,Sicamous,CA,50.8331,-118.9856,41.11,63,100,3.53,overcast clouds
701,Teguise,ES,29.0605,-13.564,61.02,77,20,5.75,few clouds
702,French Harbor,HN,16.35,-86.4333,80.01,89,75,4.61,broken clouds
703,Bubaque,GW,11.2833,-15.8333,83.98,71,22,12.01,few clouds
